<?xml version="1.0" encoding="UTF-8" ?>
<extension type="package" version="2.5" method="upgrade">
	<name>ITPMeta Package</name>
	<packagename>itpmeta</packagename>
	<creationDate>January, 2011</creationDate>
	<author>Todor Iliev</author>
	<authorEmail>todor@itprism.com</authorEmail>
	<authorUrl>http://itprism.com</authorUrl>
	<copyright>Copyright (C) 2010 Todor Iliev ( ITPrism.com )</copyright>
	<license>http://www.gnu.org/copyleft/gpl.html</license>
	<url>http://www.itprism.com</url>
	<packager>Todor Iliev</packager>
	<packagerurl>http://www.itprism.com</packagerurl>
	<version>3.1</version>
	<description>
	<![CDATA[
	<p><a href="http://itprism.com/free-joomla-extensions/open-graph-meta">ITPMeta</a> is an easy way to put any code in the header of your site.</p>
	<p>Invest in the extension and help for its improvement. You can <a href="http://itprism.com/sponsorship" title="Sponsoring" target="_blank">sponsor the extension via SMS or PayPal</a>.</p>
	<p><a href="http://itprism.com/" target="_blank">Subscribe for the newsletter</a> to receive information about updates and new ITPrism extensions.</p>
	<p>Please, <a href="http://extensions.joomla.org/extensions/site-management/seo-a-metadata/15861" target="_blank">vote for the extension</a> on Joomla! Extensions Directory</p>
	]]></description>
	<files folder="packages">
		<file type="component" 	id="com_itpmeta" >com_itpmeta.zip</file>
		<file type="plugin" 	id="itpmeta" group="system">plg_itpmeta.zip</file>
	</files>
	
	<scriptfile>install.php</scriptfile>
</extension>
