<?xml version="1.0" encoding="utf-8"?>
<extension version="2.5" type="plugin" group="system" method="upgrade">
    <name>System - ITPMeta</name>
    <author>Todor Iliev</author>
    <creationDate>January, 2011</creationDate>
    <copyright>Copyright (C) 2010 Todor Iliev ( ITPrism.com ). All rights reserved.</copyright>
    <license>http://www.gnu.org/copyleft/gpl.html GNU/GPL</license>
    <authorEmail>todor@itprism.com</authorEmail>
    <authorUrl>http://itprism.com</authorUrl>
    <version>3.0</version>
	<description><![CDATA[
	<p><a href="http://itprism.com/free-joomla-extensions/open-graph-meta">ITPMeta</a> plugin puts your code to the head of pages.</p>
<p>If you like this extension, you are able to invest in its improvement. You can <a href="http://itprism.com/sponsorship" title="Sponsoring" target="_blank">sponsor the extension via SMS or PayPal</a>.</p>
<p>Please, <a href="http://extensions.joomla.org/extensions/site-management/seo-a-metadata/15861">vote for the extension</a> on Joomla! Extensions Directory</p></p>
	]]></description>
	
	<files>
		<filename plugin="itpmeta">itpmeta.php</filename>
		<filename>index.html</filename>
	</files>
	<config/>
</extension>
