﻿<?xml version="1.0" encoding="utf-8"?>
<extension type="component" version="2.5" method="upgrade">
	<name>com_itpmeta</name>
	<creationDate>January, 2011</creationDate>
	<author>Todor Iliev</author>
	<authorEmail>todor@itprism.com</authorEmail>
	<authorUrl>http://itprism.com</authorUrl>
	<copyright>Copyright (C) 2010 Todor Iliev ( ITPrism.com )</copyright>
	<license>http://www.gnu.org/copyleft/gpl.html</license>
	<version>3.0</version>
	<description>COM_ITPMETA_DESCRIPTION</description>

	<install>
        <sql>
            <file driver="mysql" charset="utf8">sql/install.sql</file>
        </sql>
    </install>

    <uninstall>
        <sql>
            <file driver="mysql" charset="utf8">sql/uninstall.sql</file>
        </sql>
    </uninstall>
	
	<update> 
		<schemas>
				<schemapath type="mysql">sql/updates</schemapath>
		</schemas>
	</update>
	
	<media destination="com_itpmeta" folder="media">
		<filename>index.html</filename>
		<filename>itpmeta.js</filename>
		<folder>css</folder>	
		<folder>images</folder>
	</media>
	
	<!-- Site Main File Copy Section -->
	<files folder="site">
		<filename>controller.php</filename>
		<filename>index.html</filename>
		<filename>itpmeta.php</filename>
	</files>
	
	<administration>
		<menu img="../media/com_itpmeta/images/menu_icon_extension.gif" link="option=com_itpmeta">COM_ITPMETA</menu>
		<submenu>
			<menu img="../media/com_itpmeta/images/menu_icon_cpanel.png" link="option=com_itpmeta&amp;view=cpanel">COM_ITPMETA_CP</menu>
			<menu img="../media/com_itpmeta/images/menu_icon_urls.gif" link="option=com_itpmeta&amp;view=urls">COM_ITPMETA_MANAGE_URLS</menu>
		</submenu>
		
		<files folder="admin">		    		
			<folder>controllers</folder>
			<folder>helpers</folder>
			<folder>libraries</folder>
			<folder>models</folder>
			<folder>tables</folder>
			<folder>sql</folder>
			<folder>views</folder>		
			<filename>controller.php</filename>
			<filename>index.html</filename>
			<filename>config.xml</filename> 
			<filename>itpmeta.php</filename>
		</files>
		
		<languages folder="admin">
			<language tag="en-GB">language/en-GB/en-GB.com_itpmeta.ini</language>
			<language tag="en-GB">language/en-GB/en-GB.com_itpmeta.sys.ini</language>
		</languages>
		
	</administration>
</extension>